id,song_id,member_id,start_time,end_time,lyrics
1,25,4,0:18,0:24, Capillarian gone away Capillarian gone away 
2,25,2,0:24,0:36, It's a shattered wave Cosmogenic cycles Universal dreams The unseen essence 
3,25,2,0:48,0:59, Energies refreshed 12 years of silence Frivolous to moments Shake the hand of lightning 
4,25,2,0:59,1:06, Capillarian carnate Capillarian carnate 
5,25,2,2:32,2:56, You don't have to go Escaping from the long way And leave us here all alone Carve Carve out your soul Lay it on the altar And leave us here all alone 
6,25,4,2:32,2:56, You don't have to go Escaping from the long way And leave us here all alone Carve Carve out your soul Lay it on the altar And leave us here all alone 
7,25,2,3:37,4:14, This river is running violence A way to catch our breath Rising from the mercury We will climb to bestow our trust Take away the anchor Amplify the mystery Inhale the earth and wind Map out the plans to our test 
8,26,4,0:18,0:28, Elephant spirits Tower of ivory Story of ancient deities 
9,26,2,0:28,0:38, Seizure of the fleece Protector of its place 
10,26,4,0:38,0:46, Fly through dreamscapes Of valleys gullies and spires Herd across suicidal slopes 
11,26,2,0:47,0:58, Changeless moonshines Circle cyclops image 
12,26,4,1:07,1:17, A race of one-eyed beings All feared and shunned Rakshasa demon 
13,26,2,1:17,1:29, Seizure of the fleece Protector of its place 
14,26,16,1:39,2:07, Eyes all around you Enter the labyrinth Visions of the hunted Beware the birchmen 
15,26,4,2:17,2:32, Incisors thought to be Skulls of us Our release 
16,28,2,0:01,0:29, This forest is growing faster than I can tell Cell structure eats away at a massive swell Seems however I'm a victim of circumstance 
17,28,4,0:18,0:38, Hunt for ogres and dwarfs Lion slicer 
18,28,2,0:39,1:12, Run with death Run with death White faces coming closer with every step Earth envelopes taking breath without happenstance Carve my teeth out ripping through the sheep's head curse 
19,28,2,1:16,1:19, Hunter gatherer Ridden from the cave 
20,28,2,1:20,1:31, Run with death Run with death 
21,28,2,1:56,2:13, Gone away My heart's gone away Taking everything My heart's gone away Take it now 
22,28,2,2:20,2:32, Run with death Run with death 
23,28,2,2:56,3:13, Gone away My heart's gone away Taking everything My heart's gone away Take it now 
24,23,4,0:12,0:24, Guide a truth Prevail and ride 
25,23,4,0:33,0:43, Into the black hole Searching the crystal Making the veins bleed 
26,23,4,0:43,0:53, The source of consciousness Alive Crystalline resonance 
27,23,2,0:43,0:53, The source of consciousness Alive Crystalline resonance 
28,23,4,0:58,1:06, Into the black hole Searching the crystal Making the veins bleed 
29,23,4,1:21,1:26, A deep breath before the plunge 
30,23,4,1:34,1:44, One million voices Dispelling A thousand faces Disarming 
31,23,16,1:47,2:00, Running through the darkness Holding hearts in my eyes Falling short of gauntlet Covered in blood-sucking flies 
32,23,4,1:47,2:00, Running through the darkness Holding hearts in my eyes Falling short of gauntlet Covered in blood-sucking flies 
33,23,7,2:02,2:37, The touch is cold I tore a path screaming through wind and blood I will it all Burning deep in my skull 
34,30,4,0:10,0:22, No one sees the difference in the land Where the sky meets earth Form horizons 
35,30,2,0:31,0:40, Hand of stone Arm of strength Nature's fire Fist of gold 
36,30,4,0:40,1:00, Venom stains the lips and burns the tongue With vengeance and hatred Extremities forged in nature's fire Unrelenting vigor Carve the future 
37,30,2,1:29,1:46, Feast or famine Drink deception The wells run dry The need for temptation 
38,30,2,1:56,2:06, Falling through brain field Head for divide 
39,30,4,2:14,2:33, The hand matches The hand that leads the way To kill the shepherd Just to see his face Heed the warning Ingest the rotten bone The hand that falters The hand that turns to stone 
40,30,4,2:51,3:11, Chew on the root that gives us sight Cranium shatters Feed the needles as they fall The truth The mask Brain divided 
41,33,2,0:59,3:06, Yeah Float away Known so low You run away Desolate us Desolate all No love is lost You know we're weightless Climb Under my wing Climb Known so low You run away Desolate us Desolate all No love is lost You know we're weightless Climb Under my wing Climb Known so low You run away Desolate us Desolate all 
42,33,2,4:34,4:56, Grown so slow You run away Desolate us I'm sailing away 
43,32,4,0:11,0:29, Ice god shakes the earth Destruction of the path Sinking deeper in the snow Eating bark with blackened hands Swollen fingers frozen jaw Warm teeth wrapped around my wrist 
44,32,2,0:31,0:47, Frostbite eating away at our limbs Slit the belly brontotherium Climb towards vermilion snowbank fall Station of the crosses prayer save all 
45,32,4,0:55,1:11, Chewing bone Euphoria Land and sky Shining skull 
46,32,2,1:11,1:28, Ice field blanket land Hunted beyond the fray No direction known Running with the band Provisions wearing thin Avalanche sweeps the land 
47,32,4,2:08,2:28, Starvation setting in Spilling all that's left Should've kept the fruits from virgin's vine Three-horned face Pillar of red Evil lives atop my crooked spine 
48,32,2,2:28,2:44, Rosebush current flow Carmine river go Solar storms erupt on the sun Ice fields blanket land 
49,32,4,2:51,3:11, Snow queen Hypothermia Ice lips Hallucination 
50,32,16,3:11,3:26, Ice field blanket land Hunted beyond the fray No direction known Running with the band Provisions wearing thin Avalanche sweeps the land 
51,32,2,4:27,4:41, Landscape ebb 'n' flow Think I felt the end of time Skulls aglow as crystal shines And starts to warm the empty climb 
52,24,2,1:37,1:58, Earth has burst Mountain flames Moon beheld Father snake Mind control Has left its nest 
53,24,4,1:58,2:02, Shame on 
54,24,2,2:02,2:22, Bulls roar loud The fearless fall Wooden vessel Broken wings Caught my killer In my grave 
55,24,4,2:22,2:26, Shame on 
56,24,2,3:30,3:50, Eyes of grace Kill again Trapped in maze Trembling fear Head scorched brow Perish the land 
57,24,4,3:50,3:54, Shame on 
58,24,4,4:20,4:35, A vast calm wilderness The call to adventure comes 
59,24,4,4:55,5:08, Lead and land atop this rock Infinite path carved with unrivaled skill 
60,22,2,0:08,0:17, The hero of the gods The crossing of the threshold The belly of the whale Refusal of return 
61,22,4,0:17,0:27, Hollow eyes Dry pale legs Howling on Through fields and graves 
62,22,2,0:29,0:39, Language of the signs Symbols to our sight Guardian to thy throne Take on form 
63,22,4,0:40,0:50, Daylight Hide the skin Cut it off Scatter ash in the wind 
64,22,2,0:50,1:12, Shapeshifter rolling on winds of tyrants make Fierce lore of fanged horn Danger all the way Night's sea reflection The faces of bodies slain Returning to the form of natural human's fate 
65,22,4,1:38,1:53, Grown from the cold Spirits unclean Dealer of the days The ice will thaw 
66,22,2,2:26,2:42, As the soldier walks through the crimson side Researchers of aftermath Dispelling disarming man One-toed horses subject of Genesis And the immigrants 
67,22,2,2:50,3:00, Fundamental side of a human mind Hulder folk and fairies So believe 
68,22,2,3:10,3:19, The hero of the gods The crossing of the threshold The belly of the whale Refusal of return 
69,31,4,1:18,1:52, Floating in red again A deepened soil Nothing Empty cup Trade not known 
70,31,2,1:52,2:08, Showing promise of a perfect land No regrets for a fallen ground The omen passed Woman possessed Reflect on the duties held 
71,31,4,2:09,2:30, Oceans morph to dust Chasing the timeline Bolts of light flash Original storm god 
72,31,2,2:59,3:16, The atmosphere that floats above the earth Is corrupt for man This we know What has dwelt within the early dawn has gone away That's okay 
73,31,4,3:23,3:39, Dig Climb Ancient elm Root Ride the vine of father ground our carving 
74,31,4,4:03,4:15, Dig Climb Ancient elm Root Ride the vine of father ground our carving 
75,31,2,4:21,4:27, The atmosphere that floats above the earth is corrupt for man This we know 
76,31,4,4:30,4:56, Circle Made of ash Betray her presence Huntress Gentle breath Listen to the poison rose 
77,39,7,1:05,1:19,  Blessed visionary cut me with your sun  The rivers ran in blood  Spark fueled to fire  
78,39,1,1:19,1:34,  Deep within this endless void  Searching for a sign  
79,39,7,1:34,1:51,  The vessel forged inside of me  Watches over  Like the death of the moon  
80,39,1,1:51,2:06,"  Strike the shepherd, sheep will scatter  Mountains of despair  "
81,39,4,2:06,2:14,  I can see the pain  It's written all over your face  
82,39,7,2:15,2:30,  The screaming arrows tear through my soul  In the dawn your face is haunting  White ghostly dreams of old  
83,39,1,2:30,2:45,  Weight of world is on your shoulder  Hear the voice of gold  
84,39,4,2:30,2:45,  Weight of world is on your shoulder  Hear the voice of gold  
85,39,4,2:46,2:54,  I can see the pain  It's written all over your face  
86,39,1,4:26,4:38,  Desperate heathens flock to sirens  Guard your heartache well  
87,39,4,4:26,4:38,  Desperate heathens flock to sirens  Guard your heartache well  
88,39,7,4:40,4:55,  Momma don't let them take her  Don't let them take her down  At least alone  
89,39,1,4:55,5:10,  Please tell Lucifer he can't have this one  Her spirit's too strong  
90,39,4,4:55,5:10,  Please tell Lucifer he can't have this one  Her spirit's too strong  
91,39,4,5:10,5:27,  I can see the pain  It's written all over your face  I can see the pain  You can make it all go away 
92,35,2,0:34,1:00, It's gone away  It's gone away  It's gone for good  Animal spirits come calling me home  Through the tunnels of brilliant light  The magnet of wisdom is pulling  Burrowing faster the fabric of time  
93,35,4,1:02,1:16, No escape  Binding spirits  No escape  Trapped in time space  
94,35,2,1:16,1:43, Rapid descendants  The wormhole is empty  The center of Khlysty surrounds me  The fire is dancing in a silvery sheet of breath  Black robe  Necromancing  Summon the soul of the spectre  
95,35,4,1:43,1:57, No escape  Binding spirits  No escape  Trapped in time space  
96,35,4,1:57,2:11, Fire in the eye  Realm of mystic majesty  
97,35,4,2:54,3:07, No escape  Binding spirits  No escape  Trapped in time space  
98,35,4,3:07,3:26, Fire in the eye Realm of mystic majesty 
99,38,4,0:33,0:48, Wrathful ones nine eyes gaze  Holding skulls  Filled and laced  With human blood  
100,38,4,0:59,1:11, Wrathful ones nine eyes gaze  Holding skulls  Filled and laced  With human blood  
101,38,4,1:27,2:50, Shades of darkened skies Emptiness Twilight holding through Offering Life in zenith Bulls blood shot eyes Flattened portrait of the night sky Feel crust hum Facing the North Vapor space Between heaven and Earth Wisdom and the knower A planet collide Divisible we fall Hear dirt waves Wading forth Vapor space How long has it been since we flew through the shadows I have walked on many other planets 
102,38,4,3:03,3:15, How long has it been since we flew through the shadows I have walked on many other planets 
103,38,4,3:22,3:49, Sinister twin Choking on fear Bonded iron Sink to the core Hear dirt waves Wading forth Vapor space 
104,38,4,4:13,4:32, Shades of darkened skies Emptiness Twilight holding through Offering 
105,38,4,4:47,5:01, Wrathful ones nine eyes gaze Holding skulls Filled and laced With human blood 
106,34,1,0:57,1:18,  I flew beyond the sun before it was time  Burning all the gold that held me inside my shell  Waiting for you to pull me back in  I almost had the world in my sight  
107,34,4,1:18,1:40,"  Lost love, bright eyes fading  Faster than stars falling  How can I tell you that I've failed?  Tell you I failed  "
108,34,2,1:40,2:00,  Falling from grace 'cause I've been away too long Leaving you behind with my lonesome song  Now I'm lost in oblivion  
109,34,1,2:00,2:20,"  I tried to burrow a hole into the ground  Breaking all the fingers and the nails from my hands  The eyes of a child see no wrong  Ignorant bliss, impending doom  "
110,34,4,2:20,2:42,"  Lost love, bright eyes fading  Faster than stars falling  How can I tell you that I've failed? Tell you I failed  "
111,34,2,2:42,3:20,  Falling from grace 'cause I've been away too long  Leaving you behind with my lonesome song  Now I'm lost  Falling from grace 'cause I've been away too long  Leaving you behind with my lonesome song  Now I'm lost in oblivion  
112,34,2,4:42,5:21,  Falling from grace 'cause I've been away too long  Leaving you behind with my lonesome song  Now I'm lost  Falling from grace 'cause I've been away too long  Leaving you behind with my lonesome song  Now I'm lost in oblivion  
113,34,2,5:25,5:40, In oblivion  In oblivion 
114,36,2,0:37,1:17, The demon skin is covered in fine mist  Opened his hand in my hand  Holding my eyes to the future  Hovering above myself  Letting loose the guided  Punching these holes in my head  The space time paradigm  
115,36,1,1:17,1:34, Omnipresence  Primal instincts  
116,36,2,1:34,1:41, Letting go  Letting go  Letting go  Letting go  Letting go  
117,36,4,1:41,1:59, Calling reason  Finding you  These wild hearts run  Even deeper  Burning through  These wild hearts run  
118,36,2,1:59,2:11, Letting go  Letting go  Letting go  Letting go  Letting go  
119,36,4,1:59,2:11, Letting go  Letting go  Letting go  Letting go  Letting go  
120,36,2,2:16,2:53, Letting me free the quintessence  In fine mist  Opened his hand in center  Holding my eyes to the future  Hovering above myself  Letting loose the guided  Punching these holes in my head  Losing my skin to the landslide  
121,36,1,2:53,3:12, Omnipresence  Primal instincts  
122,36,2,2:53,3:12, Omnipresence  Primal instincts  
123,36,2,3:12,3:19, Letting go  Letting go  Letting go  Letting go  Letting go  
124,36,4,3:12,3:19, Letting go  Letting go  Letting go  Letting go  Letting go  
125,36,4,3:19,3:37, Calling reason  Finding you  These wild hearts run  Even deeper  Burning through  These wild hearts run  
126,36,2,3:37,3:49, Letting go  Letting go  Letting go  Letting go  Letting go  
127,36,4,3:37,3:49, Letting go  Letting go  Letting go  Letting go  Letting go  
128,36,4,4:32,5:08, Shield failure  Speed farewell  Shield failure  Speed farewell 
129,37,2,1:33,2:08," Don't stay, run away  He has ordered assassination  Don't stay, run away  The henchmen are gathered and waiting  Don't stay, run away  Your role as usurper is found out  Don't stay, run away  Czarina has warned of the danger  "
130,37,4,1:33,2:08," Don't stay, run away  He has ordered assassination  Don't stay, run away  The henchmen are gathered and waiting  Don't stay, run away  Your role as usurper is found out  Don't stay, run away  Czarina has warned of the danger  "
131,37,2,2:22,2:38, It's your own fault  This is what we wanted  It's your own fault  This is where we lay 
132,37,4,2:22,2:38, It's your own fault  This is what we wanted  It's your own fault  This is where we lay 
133,37,2,2:47,3:19," Don't stay, run away  He has ordered assassination  Don't stay, run away  The henchmen are gathered and waiting  Don't stay, run away  Your role as usurper is found out  Don't stay, run away  Czarina has warned of the danger "
134,37,4,2:47,3:19," Don't stay, run away  He has ordered assassination  Don't stay, run away  The henchmen are gathered and waiting  Don't stay, run away  Your role as usurper is found out  Don't stay, run away  Czarina has warned of the danger "
135,37,2,3:19,3:35, It's your own fault  This is what we wanted  It's your own fault  This is where we lay  
136,37,4,3:19,3:35, It's your own fault  This is what we wanted  It's your own fault  This is where we lay  
137,37,4,4:10,4:28, By the light of the moon  You must escape into the deep black of the night  Fight the devil inside  Enemies poison deep within my second sight  Wasting valuable time  
138,37,2,4:31,4:33, Ride the tides of blood  
139,37,4,4:33,4:35, Illumination  
140,37,2,4:35,4:37, Beauties sudden hand  
141,37,4,4:37,4:39, Shattered crown 
142,37,2,4:39,4:41, Stretching arms up high 
143,37,4,4:41,4:43, We're on our way now  
144,37,2,4:43,4:48, Leave the Czar to die  
145,37,4,5:44,6:02, By the light of the moon  You must escape into the deep black of the night  Fight the devil inside  Enemies poison deep within my second sight  Wasting valuable time  
146,37,2,6:05,6:08, Ride the tides of blood  
147,37,4,6:08,6:09, Illumination  
148,37,2,6:09,6:12, Beauties sudden hand  
149,37,4,6:12,6:13, Shattered crown 
150,37,2,6:13,6:16, Stretching arms up high 
151,37,4,6:16,6:17, We're on our way now  
152,37,2,6:17,6:20, Leave the Czar to die  
153,37,2,7:45,8:17, Spiraling up through the crack in the sky  Leaving material world behind  I see your face in constellations  The martyr is ending his life for mine 
154,40,2,0:08,0:23, I'd guess they would say We could set this world ablaze 
155,40,4,0:25,0:30," Please, please take my hand, please take my soul to rest "
156,40,2,0:30,1:02, So we can always be around It is hard to see Through all the haze at the top of the trees Hold my head on stable ground Watch as the Earth falls all around 
157,40,4,1:05,1:10," Please, please take my hand, please take my soul to rest "
158,40,2,1:10,1:44," So we can always be around Faltering footsteps, dead end path All that I need is this wise man's staff Encased in crystal, he leads the way I guess they'd say we could set the world ablaze "
159,40,4,1:46,1:51," Please, please take my hand, please take my soul to rest "
160,40,2,1:51,2:18, So we can always be around I guess they would say We can set the world ablaze Hold my head on stable ground Watch as the Earth falls all around 
161,40,2,2:36,2:51, Take my black soul Alive in the fires that burn my skin Guide my eyes all through this maze I guess they'd say we could set the world ablaze 
162,40,2,3:56,4:19," All that I have seen Standing on the edge, the foot of precipice Floating in the sea Past the king of swords, quickly to the shore The last baron The last baron "
163,40,16,4:19,4:40, Ghost of man Surrounds me in my slumber I have no fear As your wing is my shelter 
164,40,2,4:40,5:03," Cyanide he craves Coursing through his veins, providing him with strength To see this to the end Afraid of psychic eyes, faith in mystic power The last baron The last baron "
165,40,4,5:03,5:15, Will he save me? Will he save me? 
166,40,2,5:48,5:58, I was standing staring at the world And I can't see it I was standing staring at the world And I can't see it 
167,40,2,6:23,6:33, I was standing staring at the world And I can't see it I was standing staring at the world And I still can't see it 
168,40,2,7:00,7:15, I was standing staring at the world And I can't see it I was standing staring at the world And I still can't see it 
169,40,2,7:15,7:37," All that I have seen Standing on the edge, the foot of precipice Floating in the sea Past the king of swords, quickly to the shore The last baron The last baron "
170,40,4,7:37,7:55, Ghost of man Surrounds me in my slumber I have no fear As your wing is my shelter 
171,40,2,7:58,8:20," Cyanide he craves Coursing through his veins, providing him with strength To see this to the end Afraid of psychic eyes, faith in mystic power The last baron The last baron "
172,40,4,8:36,8:44, Will he save me? 
173,40,4,8:58,9:12, Will he save me? Will he save me? 
174,40,2,9:32,9:45, I'd guess they would say We could set this world ablaze 
175,40,4,9:47,9:53," Please, please take my hand, please take my soul to rest "
176,40,2,9:53,0:24, So we can always be around It is hard to see Through all the haze at the top of the trees Hold my head on stable ground Watch as the Earth falls all around 
177,40,4,0:27,0:32," Please, please take my hand, please take my soul to rest "
178,40,2,0:32,1:06," So we can always be around Faltering footsteps, dead end path All that I need is this wise man's staff Encased in crystal, he leads the way I guess they'd say we could set the world ablaze "
179,71,1,0:17,0:40,  When the Sultan gives orders to take your head  You must ride the winds to safety or you'll wind up dead  Through the evil and darkness you make your stand  Only skeletons of war will guide you by the hand  
180,71,4,0:43,0:55,  Silence growing loud  Failure is not allowed  
181,71,1,0:57,1:08,  The battle that rages before my eyes  Is no different than the one that lives inside my head  
182,71,4,1:11,1:48,  Silence growing loud  Failure is not allowed  Ancient Kingdom still remains  Crumble slowly  Ride beyond mortality  Leaving beauty now  
183,71,2,1:52,2:23,  Falling rain sensing pain of mind  Falling rain sensing pain of mind  Pain of mind   
184,71,2,2:53,3:28,  Falling rain sensing pain of mind  Falling rain sensing pain of mind  Pain of mind  
185,71,4,3:36,4:40,"  Silence growing loud  Failure is not allowed  Ancient Kingdom still remains  Crumble slowly  Ride beyond mortality  Leaving beauty now  Sparks explode into the air  Live forever  Ageless sounds, they never die  And I will remain "
186,73,4,0:08,0:32,  It never ends  The game isn't done  I feel the crawling and haunting upon us until you listen  It never ends  Enough is enough  Taking your essence and use it to strengthen their own flesh and blood  
187,73,1,0:40,1:04,  Time watching as the sand flows through glass  Light calls to me from future and from past  This kills me to know  We cannot learn  
188,73,4,1:08,1:26,  It never ends  The ink isn't dry  The Great Consolation has written a second lease on your life  The Great Consolation has granted a second lease on your life  
189,73,1,1:26,1:52,  Light watching as the sand flows through glass  Time calls to me from future and from past  This kills me to know  We cannot learn  
190,73,4,1:26,1:52,  Light watching as the sand flows through glass  Time calls to me from future and from past  This kills me to know  We cannot learn  
191,73,1,3:00,3:13,"  Time watching as the sand flows through glass (Time is moving as sand's flowing) Light calls to me from future and from past (Light is blinding, radiating) "
192,73,4,3:00,3:13,"  Time watching as the sand flows through glass (Time is moving as sand's flowing) Light calls to me from future and from past (Light is blinding, radiating) "
193,73,4,3:16,3:25,"  It never ends, it never ends, it never ends  "
194,73,16,3:36,3:54,"  Chronic illusions confusing conclusions  Foster the culture, predict the deception  Chronic delusions with caustic solutions "
195,72,4,0:14,0:26,  Silent all your life  Running without vision  Hollowed out inside  Wronging all that's right  
196,72,2,0:27,0:48,  There's no cause to be alarmed  And no reason to escape from us  There's no illness and no pain  And no thought of any suffering  
197,72,4,0:51,1:00,"  The road is long and bare  No clarity, no light  The moment came and swallowed us  Blinding all our sight  "
198,72,2,1:02,1:23,  We will keep you free from harm  All you have to do is stand with us  I will mend your wounded heart  And restore the trust that you have lost  
199,72,4,1:24,1:47,  Give your life  So I can breathe  Save our lives  It's all we need  
200,72,2,1:24,1:47,  Give your life  So I can breathe  Save our lives  It's all we need  
201,72,2,3:14,3:35,  We can lead you underground  And devour your humanity  Follow heat and follow sound  To the end of your insanity  
202,72,4,3:36,4:24,  Give your life  So I can breathe  Save our lives  It's all we need  Give your life  So I can breathe  Save our lives  It's all we need 
203,72,2,3:36,4:24,  Give your life  So I can breathe  Save our lives  It's all we need  Give your life  So I can breathe  Save our lives  It's all we need 
204,75,2,0:30,1:59,  I ain't no good  And I live by the wood  They say I ain't bad  I'm the best they have had  And I know it ain't right  But I'll fight my whole life Just to prove that I was right  The day it went down  I was out on my path  Not feeling so bad  I'm a suspect now  I'm a vagabond tramp  Living out on the lam  I live by the woods  They say I ain't bad  I'm the best that I've had  And I know it ain't right  But I'll fight my whole life  Just to prove that I was right  
205,75,1,2:14,3:15,"  Terrestrial fire ascending from underground  Godspeed divine  So we control the mound  Shape shifter, spirits whisper  Guide me through this black sorcery  Flashing teeth  Aggressive tendencies  Cloaked beneath  Silver redeems  Smoking mirrors  Black obsidian  Tell us where to find the marrow  "
206,75,4,3:16,3:36,  The prophecy  Will be realized  Lord of the near and the nigh  Possessor of earth and sky  
207,75,1,3:48,4:01,  Guard your temple  From destruction  Make sure no one goes inside  
208,75,4,4:03,4:25,  The prophecy  Will be realized  Lord of the near and the nigh  Possessor of earth and sky  
209,75,4,5:01,5:16,  It's right in front of me  The throne of maladies  It's right in front of me  Your malignancy  
210,75,4,5:29,5:43,  It's right in front of me  The throne of maladies  It's right in front of me  Your malignancy  
211,75,4,6:07,6:20,  It's right in front of me  The throne of maladies  It's right in front of me  Your malignancy 
212,67,2,0:15,0:36,  I hope the sun shows the way  Don't crush my spirit today  Reveal your precious stones  So I can help myself  
213,67,1,0:44,1:05,  Don't waste your time  Don't let it slip away from you  Don't waste your time  If it's the last thing that you do  
214,67,4,0:44,1:05,  Don't waste your time  Don't let it slip away from you  Don't waste your time  If it's the last thing that you do  
215,67,2,1:07,1:29,  I dig through bone and skull  Imagine black emerald  I'm covered head to toe  With diamonds in the rough  
216,67,1,1:37,1:59,  Don't waste your time  Don't let it slip away from you  Don't waste your time  If it's the last thing that you do  
217,67,4,1:37,1:59,  Don't waste your time  Don't let it slip away from you  Don't waste your time  If it's the last thing that you do  
218,67,2,2:50,3:18,"  These snakes have nothing to say  I want their heads right away  I sharpen every blade  And I give them all to you  Yeah, I give them all to you  "
219,67,2,3:29,3:40, You're in my head  You're in my head again 
220,69,4,0:49,1:18,  And the sky opened up and it swallowed us whole  All that's left is time and healing underground  Underneath us the cosmic dawn of war begins  We resolve and watch as it all crumbles down  
221,69,1,1:22,1:51,  Beauty fades  Deaths decay  Fires on high  Reach the sky  Branches break  Roots remain  Strong in mind  Beauty  
222,69,4,1:52,2:23,"  Your adventure is dark and it hides beyond the cells  All I feel alive, the hearts will prevail  The stolen eye was found and given to the lost soul  While the moon sets far and the milestones seem low  "
223,69,1,2:26,2:56,  Beauty fades  Deaths decay  Fires on high  Reach the sky  Branches break  Roots remain  Strong in mind  Beauty  
224,69,1,3:25,4:29,"  And all that I have come to lose  Gone so long it doesn't matter anyway  And all that I have come to gain  Will remain with me until the bitter end  And when you sit and picture me  Remember sitting in the sun and dancing in the rain  The end is not the end, you see  It's just the recognition of a memory  "
225,69,4,4:36,4:55,  The eyes  The face  The lips  The tongue  The end  The end  
226,74,4,0:21,0:40,"  The elusive mystery  Determined by the stars  The stigma is valid, truth and fear  The fear is real  "
227,74,7,0:42,1:01,  It will set us free  It took my Pa  I stand in deliverance  Waiting for destruction  In a wake of blood  
228,74,4,1:01,1:19,  The awakening moment arrives  Returning you at will  The midnight hour prepares for truth  The truth is real  The truth is real  
229,74,7,1:20,1:44,  It's so far beyond my reach  The crimson mask is rising black  The last setting sun  Will be seen in my dusted mind  
230,74,7,2:09,2:27, Constantly burying our loves  In the trench of this  Mysterious despair  It leaves us empty  Clawing in  Clawing in  
231,74,4,2:37,2:55,  The elusive mystery  Determined by the stars  The stigma is valid truth and fear  The fear is real  
232,74,7,2:55,3:14,  Free us from this feeder  Lead me in deeper  To fulfil this seed that I grew  Into at my birth 
233,66,1,0:01,0:30,  Show yourself  Show yourself  I want to see everything you're made of  Tear it down and rip it out  Shed your skin and float it down the river  Lose yourself  Lose yourself  Wild horses ride you through the valley  Come alive  Come alive  Sail into the void without your worries  
234,66,4,0:30,0:54,  You're not as safe as far as I can tell  And I can tell  Only you can save yourself  Soon this will all be a distant memory  Or could this dream be real at all? 
235,66,1,0:54,1:08,  Stars align  Stars align  Stars can fall and get you into trouble  Be afraid  Don't be afraid  Speak the ancient wisdom of the desert  
236,66,4,1:09,1:34,  You're not as safe as far as I can tell  And I can tell  Only you can save yourself  Soon this will all be a distant memory  Or could this dream be real at all? 
237,66,1,2:31,2:59,  Show yourself Show yourself  I wanna see everything you're made of  Reveal yourself  Reveal yourself  The truth will send a ripple through your body  See your fate  You'll see your fate  Death will come and steal you from the living  Dead and gone  Dead and gone  I'll see you on the other side of fire 
238,68,1,0:35,0:55,  Running outside the  Nazca Lines  You know I see you all in white  Hoping you'll grow the fruitful vines  And the rain to give us life  
239,68,1,1:09,1:31,  Violence born within my mind  I know it always takes its time  Climbing inside the cosmic eye  And forgive the enemy  
240,68,1,1:33,1:54,  I wonder who I am  Reflections offer nothing  I wonder where I stand  I'm afraid of myself  
241,68,4,1:33,1:54,  I wonder who I am  Reflections offer nothing  I wonder where I stand  I'm afraid of myself  
242,68,1,2:07,2:29,  Watching you crumble to the ground  Made me want to run away  Helping you find the golden crown  Made it easier to stay  
243,68,1,2:31,2:52,  I wonder who I am  Reflections offer nothing  I wonder where I stand  I'm afraid of myself  
244,68,4,2:31,2:52,  I wonder who I am  Reflections offer nothing  I wonder where I stand  I'm afraid of myself  
245,68,2,3:16,3:37,  At the bottom of the mountain  Unaware of my surroundings  Separation from my spirit  Let the trees fall where they may  
246,68,1,4:14,4:35,  I wonder who I am  Reflections offer nothing  I wonder where I stand  I'm afraid of myself 
247,68,4,4:14,4:35,  I wonder who I am  Reflections offer nothing  I wonder where I stand  I'm afraid of myself 
248,65,4,0:23,0:38,  Tired and lost  No one to trust  Who is there to give the push? All I have learned  Straighten the curve  Like a circle to return  
249,65,2,0:38,1:02,  The long embrace  The smell of dirt and roses  Under the sun  No sign of bread or water  I fall asleep under blankets of stars  
250,65,4,1:06,1:23,  Ice hit you cold  Heat of surprise  Bending mind can't realize  Faith is in me  End I can see  Tears are strong as ten thousand tongues  
251,65,2,1:23,1:56,  My sweet mirage I bathe in sacred waters I kiss the  Sky Floating in Sultans' daughters  Memories of loved ones are passing me by  Memories of loved ones are passing me by  
252,65,1,2:00,2:33,  Oceans of sand and rust  Give way and yield my wake  Oceans of sand and rust  Give way and yield my wake  
253,65,1,2:55,3:28,  They're waiting inside  They're waiting to wash your eyes out  Their hands are alive  Alive with a fervent anger  Your feet have been tied and your tongue in your hand  Death of a thousand ravens  You're down on your knees  You're blind as the  Ancient Kingdom  
254,65,4,3:50,4:05,  Relive the ages of the moon  Reeling the water close to you 
255,70,4,0:14,1:26,  Diamond in the wishing well  Falling underneath the spell  Save me from the wicked ways  Pulling me with all its weight  High above the silver line  Flying over burning ground  Ringing bells with golden chains  Resonating with the sound  Siren sounded  I didn't hear it  Travel deep within the mine  Never want to cross the line  Found the one I'd never sell  One I thought I'd never find  Searching through the layers of filth  Feeling where the light is from  Always licking off the bone  Carve a way to our home  Siren sounded  I didn't hear it  Voices warned  I'd not heed it  
256,70,1,1:27,1:51,  I fell into a pit of lies  I tried to dig around the other side  And much to my surprise  I was to blame for all the rain  
257,70,1,2:56,3:20,  I fell into a pit of lies  I tried to dig around the other side And much to my surprise  I was to blame for all the rain  I was to blame for all the rain 
258,85,4,0:04,1:13, I cannot bare to believe that you have left this Earth  I couldn't stare as they covered you up with dirt and left  With all the best intent  And all your eloquence  The price we paid to know you  Your smile is stretching from the stars  I am still standing here in solace  I sense the writhing  Peeling off your skin  As the coals burn  We'll walk on fire  
259,85,4,1:22,1:55, The lines you carved remain  Too many days to remember  Too many times have I tried  The price we paid to know you  The price we paid to know you  
260,85,4,2:56,4:05, A dark shadow was cast with your departure  Now dig our way out from this mudslide and survive  With all the best intent  And all your eloquence  The price we paid to know you  Projecting light from beyond  We stare until the bruises soften  Never will there  Be another you  As the sun turns  We hold you tighter  
261,85,4,4:12,4:46, The final curtain calls  How many ways you brought pleasure  How many nights you brought to life  The price we paid to know you  The price we paid to know you 
262,89,4,0:46,1:35,  All eyes forward  See what's to be done  Calloused as I am becoming  Less and less of my own  If I burn the bridges  Leaving the ash behind  There's no choice but to move on  Within a heartbeat the dream is dead  
263,89,1,1:35,1:54,  All that I have sacrificed is leaving me and letting go now  I don't want to leave you here alone among the wind and weeping  
264,89,4,2:08,2:59,"  Circles I've broken  Once, they seemed so clear  Leaving the past I buried  Deep in yesteryear  This will bring back memories  That I don't want anymore  Always see reminders  And now I close the door  The illusion is gone, the end is here  "
265,89,1,2:59,3:40,  All that I have sacrificed is leaving me and letting go now  I don't want to leave you here alone among the wind and weeping  If I could crawl beneath the earth and settle with the worms and dirt  I'd steal the eyes of serpents soothing powers from the deep blue sea  
266,89,4,5:08,5:45,"  Is this just our fortune or unexpected fate? A betterment for all  The trials we made are troubling, they smother me  Lay me bare to dry  Begging me to call it quits and go for broke  Bury me as I fall  To treat you as a part of me, it hollows you  The story has to fold "
267,90,1,0:21,0:50,  I wish I could run forever  Not concerned if I am found  I wish I had all the answers  I wish I knew what went wrong  
268,90,4,0:55,1:07,  Whatever you say is too late  Speak it before you run  Waiting is just a mistake  
269,90,1,1:10,1:40,  I just need you to whisper  Tell me all is well  You deserve to be happy  Not stuck knee deep in hell  
270,90,4,1:45,2:18,"  Whatever you say is too late  Speak it before you run  Waiting is just a mistake  It pains me to see you this way  To erase you is what I fear  You're swimming through my head, it keeps you near  "
271,90,4,2:53,3:27,"  But all we said was too late  Still, you intend to run  Chasing another mistake It pains me to see you this way  To erase you is what I fear  You're swimming through my head  It keeps you near  "
272,90,1,3:46,4:52,"  My love, so strong  Washing the dirt away  As the snakes all go to their holes  My love, so strong  Bathing in turpentine  Until the flesh and bone come undone  My love, so strong  Deflecting the thoughts of strangers  To reach the other side  My love, so strong  The mountains we made in the distance  Those will stay with us "
273,88,4,1:33,2:00,  Long and frayed  Static surrounds us  Break the free fall  Safely land  When man can climb to see  His rejection  Spirit'll burn  Evaporate  
274,88,1,2:06,2:34,  I left you in the wind  To pull the scraps together  I'm the one who sinned  There's more for me to weather  
275,88,4,2:35,3:05,  Complications  Of loss and gain  The grace he gave  Is filling the void  How to proceed  With new direction  As photographs  Melt away  
276,88,1,3:09,3:39,  I left you in the wind  To pull the scraps together  I'm the one who sinned  There's more for me to weather  
277,88,1,5:05,5:35,  Waiting  For the sun to rise  So I can  Say my last goodbye All that I needed from you was your warm embrace  Turns out that was mine to give  
278,88,4,5:37,6:00, Fools play into broken plans  Tuned straight from servants' hand  Reaping ill-gotten gains  Bleeding this love away  
279,88,1,6:02,6:32, Coming home to rescue me  The fate of man resides in empathy  Seems my foundation is shaking and giving way  Look for my hand reaching up from this rubble and clay  
280,88,4,5:35,6:49, It's too late  My heart's away  It's too late Reborn again  
281,88,1,7:53,8:24,  I left you in the wind  To pull the scraps together  I'm the one who sinned  There's more for me to weather 
282,86,4,0:34,0:54,"  A thousand lights in the night  Alone in the spectrum  On this sand, I find  And realize  "
283,86,4,1:05,1:17,  The light will guide you alone  I can position your way  You're gonna make it  
284,86,4,1:24,2:43,  Enduring the tireless fight  Death in slow motion  I'm growing tired of this scene  Echoes in your past  The light will guide you alone  I can position your way  You're gonna make it  You had it all  Tomorrow's never fine  The peace we lost in ourselves are never found  You're gonna make it  You had it all  Tomorrow's never fine  The peace we lost in ourselves are never found  You're gonna make it  
285,86,4,4:14,4:58,  You had it all  Tomorrow's never fine  The peace we lost in ourselves are never found  You're gonna make it  You had it all  Tomorrow's never fine  The peace we lost in ourselves are never found  You're gonna make it 
286,79,1,1:10,1:46,  Will there ever be a moment I won't feel this heat coming up from ground? Will there ever be a time when I can show myself through open doors? All I need is you to tell me how to reconcile this guilt and shame  I've already ripped myself to pieces and I've given it away  
287,79,4,1:50,2:08,  All the weight lies upon my shoulders from  The great disruption  It's hard to breathe inside these waves of doubt  Tidal distraction  
288,79,1,2:30,3:07,  Can you tell me how to wish away this chaos making my head spin? Can you tell me how to soothe the savage beast locked up inside these walls? Will there ever be a place that I can hide and heal these open sores? Or do I have to cut them out and eat them as my people adore? 
289,79,4,3:10,3:28,  All the weight lies upon my shoulders from  The great disruption  It's hard to breathe inside these waves of doubt  Tidal distraction  
290,79,4,3:56,4:35,"  I have, I have lost my way  Reaching, reaching for today  I have, I have lost my way  Reaching, reaching for today  "
291,79,1,3:56,4:35,"  I have, I have lost my way  Reaching, reaching for today  I have, I have lost my way  Reaching, reaching for today  "
292,79,1,5:03,5:46,  Say when  And I'll come running back  Say when  And I'll come running back  Say when  And I'll come running back  Say when  And I'll come running back 
293,76,1,0:30,1:12,"  Oh, my dear  Look what we've done here  My greatest fear  A pain with an anchor  The taste of defeat  Oh, my dear  Look what we've come to  We've shattered serene  "
294,76,4,1:15,1:35,  I've turned the grief to medicine  Into my mouth will enter  The hardest pill  I've ever had to swallow down  As karma whispers  
295,76,1,2:00,2:27,"  Oh, my dear  The damage is done here I disappear  A love with no anchor  In the depths of the sea  "
296,76,4,2:29,2:49,  I've turned the grief to medicine  Into my mouth will enter  The hardest pill  I've ever had to swallow down  As karma whispers 
297,84,2,1:05,1:26,"  The night I went under  And there was no one around  Nothing to swim to  Not the sky, not the ground  I heard you speak to me  And said to just go down  "
298,84,1,1:27,1:46,  Swept away  In peaceful tranquility  I wish that I could stay  
299,84,2,1:51,2:02,  And I keep on waiting  For someone to save me  I keep waiting for someone to ask me What is your name? 
300,84,1,2:06,2:23,  Swept away  In peaceful tranquility  I wish that I could stay  
301,84,4,2:34,3:01,  I've seen worse before  I've had trouble breathing  I've had scrapes and scars Healing from lacerations  Bending from days on end  I get up and walk away  
302,84,1,3:14,2:26,"  Through all the lies I told before  Well, now, they've all come true Never mind this screaming in the cold  "
303,84,1,2:34,3:53, And when I caught a glimpse of you  You were laughing at me and looking away  And I did everything I could  To try to get you to stay  
304,84,2,4:36,4:49,  I pass through dimensions  And leaving this plane  Turning into the ether  It changes everything  
305,84,1,4:50,5:09, Swept away  In peaceful tranquility  I wish that I could stay  
306,84,4,5:21,5:47,  I can't hear at all  I've had trouble speaking  Will this heal my heart? Relive the never-ending  Bending for days on end  I'll get up and walk away 
307,83,4,0:22,0:39,  I think I'm ready to start  I thought I heard you scream  We're all part of this fucked up devastation (Go) Always spinning the wheels  A greater vision in sight  It's not failure if you're trying  
308,83,4,0:59,1:16,  Another prick of a thorn  The body reaches deep  As I choke the situation  Seeming clever and wise  Clouded beyond the dark cells  I know not what drips inside me  
309,83,1,1:17,1:34,  Pushing the tides  Trying not to go down and taken under  Pushing the tides  Try to keep my head above the water  
310,83,4,1:42,2:00, (Go) You try untying the weight  And you continue to breathe  I remove you for protection  And where to go from here  A place you value the most  Such a brilliant realization  
311,83,1,2:02,2:24,  Pushing the tides  Trying not to go down and taken under  Pushing the tides  Try to keep my head above the water  Pushing the tides  Leading us to prevail  
312,83,4,2:25,2:27, And all we desire  
313,83,1,2:29,2:36, Pushing the tides  With every ounce of strength I have 
314,87,1,0:16,0:39,  Running from an endless source of everlasting light  Stumble into darkness of my own creation  Navigate this maze of self-destruction's inner glow  Worship at the feet of primal gods of chaos  
315,87,4,0:42,1:14,  The walls we create  The cracks will begin to show  And watch them start to fall  All is indefinite  How quickly we evaporate  To memories and only dreams  As the seismic shifts  Veering into unknown space  Where monuments will bare your name  
316,87,1,1:17,1:39,  Drinking from reflections in the pool of endless doubt  Continue on the path of reckless devastation  In the pit of death and bones and carcasses decayed  It's here I find a guiding hand to true salvation  
317,87,4,1:42,2:39,"  Push through the pain  Developing calloused hands  To dig, scrape and claw  Thought and visions stick  The images, how they still burn  Cementing of your legacy  Now it's flooding back  Trigger the unlocking fate  To wash away and letting free Dredging the weight  Dragging through hollow ground  To break the chain of lies' Round and 'round, we battle ourselves  Silencing our tongues "
318,78,4,0:28,0:57,  Please excuse the madness  Of the situation I am in  Are we reunited? For we both share the cause of this  
319,78,4,1:14,1:45,  You choose to apply logic  It's hard to ply where there is none  My destination's unknown  Allow the man to walk in his shoes from here  
320,78,1,1:49,2:11,  Death comes and brings with him sickle and peace  Shelter from storms come with long flowing robes  
321,78,4,2:30,3:00,  Justifying all your control  I cease to mourn what never could be  No feeling's ever final  Just another scar I wear and hold dear  
322,78,1,3:06,3:27,  Death comes and brings with him sickle and peace  Shelter from storms come with long flowing robes  
323,78,4,3:33,3:55,  Falling down and losing ground  Save me from myself  All I've seen and all I know I've not been this low  
324,78,4,4:38,5:00,  Now I stand up on my own  Learning from myself  Where I've been and where I'll go Still remains unknown  
325,78,1,5:04,5:25,  Death comes and brings with him sickle and peace  Shelter from storms come with long flowing robes 
326,81,4,0:16,1:03,"  You reached two hands outward  Two birds spreading our wings  Today's arms turn numb  When I turn it inward  We live and breathe all your thousand words  Now you sleep, we'll finish your work  "
327,81,4,1:05,1:34,  To my detriment  To my detriment  To my detriment (I forge ahead unscarred) To my detriment  
328,81,1,1:05,1:34,  To my detriment  To my detriment  To my detriment (I forge ahead unscarred) To my detriment  
329,81,4,1:36,2:40,"  You painted us with effort  Always praising us high  The day has come to face the storm  As lightning strikes me in two  We live the dream onward as it were  Endless days we'll carry on as one  There's no doubt of what we're her to do  You laid it out, a promise of yourself  "
330,81,4,2:42,3:07,  To my detriment  To my detriment (I forge ahead unscarred) To my detriment (I forge ahead unscarred) To my detriment  
331,81,1,2:42,3:07,  To my detriment  To my detriment (I forge ahead unscarred) To my detriment (I forge ahead unscarred) To my detriment  
332,81,4,4:24,4:50,  To my detriment (I forge ahead unscarred) To my detriment (I forge ahead unscarred) To my detriment (I forge ahead unscarred) To my detriment 
333,81,1,4:24,4:50,  To my detriment (I forge ahead unscarred) To my detriment (I forge ahead unscarred) To my detriment (I forge ahead unscarred) To my detriment 
334,82,1,0:33,1:02, Within a bruised heart I'll just say when  Just one time before  It will come again  Little voice inside  Inside my head  Tell me when it's time to turn around again  
335,82,4,1:02,1:07, All appears to fade away  
336,82,1,1:08,1:36,  I can see your face  And I feel the pain  And I feel the shame that I have let you down again  People everywhere  Not a drop to drink  Not a dare to think about the damage I have done  
337,82,1,1:37,2:06, Try to give up what weighs  What weighs you down  The only control you have  Is all your own  Do I fit the pieces  Together again  Or do I leave them lying on the floor? 
338,82,4,2:06,2:10,  All appears to fade away  
339,82,1,2:11,2:41,  I can see your face  And I feel the pain  And I feel the shame that I have let you down again  People everywhere  Not a drop to drink  Not a dare to think about the damage I have done  
340,82,4,2:42,3:14,  Leaving you behind  Is the hardest thing  I've done  Asking where did I go wrong? I wonder what all of this makes  Does fortune favor the bold? I only know that leaving you  Was the hardest thing  To cut and run  
341,82,1,2:42,3:14,  Leaving you behind  Is the hardest thing  I've done  Asking where did I go wrong? I wonder what all of this makes  Does fortune favor the bold? I only know that leaving you  Was the hardest thing  To cut and run  
342,82,1,4:26,4:54,  I can see your face  And I feel the pain And I feel the shame that I have let you down again  People everywhere  Not a drop to drink  Not a dare to think about the damage I have done 
343,80,2,0:33,1:06, I'm out of my mind  Pictures of past lives  Trapped in a memory  In fragments of time  The way things used to be  Find a better way to get back home  Reaching for something new  That's just not there anymore 'cause you know that it's gone  
344,80,2,1:29,2:00," You slip away to the distance  Pass a crack of light in the floor  I hear the sound of mischief  As the promising light shines some more  I paid you in fool's gold, and I don't owe you anymore  And I deserve nothing I find like a mountain of pain on the floor  "
345,80,1,2:25,2:52, Losing ground  Taken by a prophecy  Siren sounds  Calling for your sanctity  Wipe away  The blood from your face  
346,80,4,2:56,3:11, All I see is our demise  Headed for the blackened skies  And I need more time  
347,80,1,3:14,4:04, I still hear  The beast is breathing  Should I fall  Upon my sword? Make sure they know  That I fought for them  Make sure they know  They know I tried  I scraped and clawed  I gave my all  
348,80,2,4:36,5:22," Stars in the distance  Oh, how they tell a story of my life  And tell us to beware  Repeating the past  Nature is nocturnal and that is that  I spend my days underground covered in ash and smothered in dirt  And you know how it hurts this little clown  Pay no attention to the sound of the beast 'Cause you know it can't hurt you when you're with me "
349,77,4,0:40,1:14,  Another sinking stone  Finds its way down below  Resurface when only light will ever show  And while I progress slow  I'm soon to surpass you  Entitled to all possessions I have adored  I feel pressure  I feel the pressure  
350,77,4,1:18,1:53,  And all the faded bones  Piling up high and low  Returning to life once you can stand alone  Don't get too close this time  The depths of love haunt you  It's dark inside where all my demons hide  I feel pressure  I feel the pressure  
351,77,4,3:10,3:58,"  Waiting with patience of eons  Your presence fades into a memory  Underneath a cloud of silence, you journey into the rift  Will time defy the weight of you leaving us? "
352,77,4,4:29,4:50,  I feel pressure  I feel the pressure  Hold aggression  Hold aggression 
353,19,2,0:46,0:59, An invitation to clairvoyance It's hard to stand around and watch while they ignore us She is dumped on Used as an ashtray At the expense of an organized association 
354,19,7,1:00,1:04, I see the stones in the path we laid 
355,19,2,1:04,1:11, It's a question of tomorrow We like to breathe the ancient wind that we have followed 
356,19,7,1:14,1:18, A perfect fire to burn the land 
357,19,2,1:18,1:26, Before they knew it The sun had fallen Boiling the water where the hydra's crawling 
358,19,7,1:26,1:34, The righteous go in blazing fury 
359,19,7,1:42,1:48, And we cleanse the earth to bring it down 
360,19,16,1:54,1:56, Bring it down 
361,19,7,2:12,2:48, And God will watch it burn Releasing souls Within the wrath we wait To be dirt again 
362,19,7,3:23,3:46, There is a flame I lit I upon high 
363,12,4,0:15,0:35, I think that someone is trying to kill me Infecting my blood and destroying my mind No man of the flesh could ever stop me The fight for this fish is a fight to the death 
364,12,4,0:35,0:38, White whale - holy grail 
365,12,4,0:43,0:47, White whale - holy grail 
366,12,4,0:55,1:12, What remorseless emperor commands me I no longer govern my soul I am completely immersed in darkness As I turn my body away from the sun 
367,12,4,1:12,1:18, White whale - holy grail 
368,12,4,1:23,1:28, White whale - holy grail 
369,12,4,2:16,2:56, Split your lungs with blood and thunder When you see the white whale Break your backs and crack your oars men If you wish to prevail This ivory leg is what propels me Harpoons thrust in the sky Aim directly for his crooked brow And look him straight in the eye 
370,12,4,2:57,3:02, White whale - holy grail 
371,12,4,3:07,3:12, White whale - holy grail 
372,20,4,2:57,3:08, Taken down with hearts alive Our hearts alive 
373,20,4,3:26,3:44, Lurking dark underground Descend to the bottom Swim below eternally Into the deep blue sea 
374,20,4,4:00,4:18, Time and space All alone It can be a lonely place There it goes Opening up I can't stand I can't breathe 
375,20,4,4:48,5:00, Rolled fin out Oil stripped Hold is filled 
376,20,4,5:17,5:37, Ocean coil Water boils He swims to the surface Flame from mouth Smoke he breathes Enter the caverns of the deep 
377,20,4,5:52,6:10, Time and space All alone It can be a lonely place There it goes Opening up I can't stand I can't breathe 
378,20,4,6:38,6:59, Terrified Ghastly cry Spiraled lives Taken down Taken down 
379,20,4,8:30,8:51, The iron side Bucket of lead Battle is she Not for defeat 
380,20,4,9:33,9:46, The iron side Bucket of lead Battle is she 
381,13,4,0:37,1:11, There's magic in the water that attracts all men Across hills and down streams The turning of the tide 
382,13,4,1:37,1:53, Outlook Future bright Selfish Beauty shines 
383,13,4,1:53,1:55, Light cloud rain drive on 
384,13,4,2:17,2:35," 13 years to this day red planet aligned Into sight 60,000 years of light Fascination with a mountain put to sea Built to slay and conquer All with teeth of beasts "
385,16,4,0:19,0:33, Straight line Feel it burst liver and lung Long and strong 'Til she spills her black blood 
386,16,4,0:55,1:10, Center down Vast the head body and tail Shatter life Physeter catodon 
387,16,4,1:18,1:31, Culture vulture Elephant graveyard 
388,16,2,1:18,1:31, Culture vulture Elephant graveyard 
389,16,4,2:02,2:06, Culture vulture 
390,16,2,2:02,2:06, Culture vulture 
391,16,4,2:14,2:33, Engage monster Wreaking vengeance Assault with all martial rage 
392,16,2,2:14,2:33, Engage monster Wreaking vengeance Assault with all martial rage 
393,16,4,3:01,3:03, Sail on 
394,16,2,3:01,3:03, Sail on 
395,15,2,0:06,0:22, Given decision to live Not taken The flight towards the light I'll stay in the lava for life Erupting when gods take us all Changing the peaks makes us pour From the mountain and burn The path of our time 
396,15,4,0:22,0:46, Hail people of Iceland Journey of a land anew Ram as our liaison Vision inspire and move Awe holy island Breed the lagoon to run free Raw beauty is ruthless within the golden ring 
397,15,4,0:58,1:09, Precision of Grungir Spear of the Norse God Odin Praise our Pagan Father Founder of the Althing 
398,15,2,1:27,1:43, Given decision to live Not taken The flight towards the light I'll stay in the lava for life Erupting when gods take us all Changing the peaks makes us pour From the mountain and burn The path of our time 
399,15,4,1:43,1:56, Ruler of sky's thunder The honourable warrior All divination Beward the Hammer of Thor 
400,15,4,2:54,3:09, Lava goddess Ice and fire Settling down Ocean Geysir Gullfoss Heimaey '73 
401,17,4,0:49,1:21, Myth or legend Nymph tale washed ashore Near the kraken sleepeth stirs coral and bone Infinite city No sexy sneer Hideous creation Human and animal Banter songs of rudeness to be adhered Not on rocks that glisten Harps to listen Comb hair Tear right to pieces Left to recess a watery grave 
402,17,4,1:54,1:57, Sensing the blood of prey 
403,17,4,2:23,2:48, Swimming in fear for life Rolling over Falling into jaws Teeth that chatter It distracts them all The Fiji mermaid She will let it know Time is coming to feed and knaw 
404,17,4,3:22,3:40, Rolling over Falling into jaws Teeth that chatter It distracts them all The Fiji mermaid She will let it know Time is coming to feed and knaw 
405,18,2,0:19,0:39, Angels dancing with a mortal a sin A giant born within a woman's womb Nephilim walking through the forest breaking limbs As we bow and give respect to the gods 
406,18,2,0:58,1:17, Save yourself Don't wait on me 
407,18,4,1:33,1:37, My feet are sewn Endless bottom 
408,18,2,1:55,2:47, The church is burning from the inside out Altars falling into ashes again An eagle fly upon horizons with sight Focusing on all our family and friends Apologize Can we rise above it Climb the line It's a good endeavor The ships arrived Let's sail into the weather Our crying eyes Save yourself Don't wait on me 
409,18,4,3:07,3:10, My feet are sewn Endless bottom 
410,14,2,0:36,1:02, If I stand around and watch them drown in a pool of gray When we dive in I can surely say there's feud with force Am I in your way? Please knock me down. Can I help you in? When I'm not around let us all be found in certain ways 
411,14,2,1:25,1:51, Dear Mr. Queequeg you have been informed your life's been saved You are not a black-hearted vicious mess so it has been claimed If this is the beast pulling us towards the east with mighty waves Let us look inside and pull out all your pride you know it's up to us 
412,14,4,2:02,2:22, Holding pasts in ash black earth Bound by roots Roots into sand Grow towards the giver 
413,14,2,2:22,2:50," There's an open wound placed upon my heart in anger's rage If we open up a spirit, a spirit that can bleed Ahab the leading lad we can trust his obsession carries them Meet us at the temple healing all the crippled Don't forget the maimed "
414,14,4,2:50,3:10, Lower soul sent with gifts offering Teeth of hope travel with Child laid next to mother 
415,59,1,0:31,1:52," The moment you walked in the room my friend  The demons, they all went away  Be careful they're only asleep for a while  Pretending there's nothing to say  Throw salt in all the corners here  Make sure you watch him leave  Build up the walls around this house  And dig out the rot in the floor  Block out the entrance with brick and stone  And mortar that's made from coal  Crawl into this hole I've made  Transform these feelings of fear  "
416,59,2,1:54,2:09, I'm on fire  Say you'll remember her voice  And I can't get you out of my mind  I'm on fire  Say you'll remember her voice  And I can't get you out of my mind  
417,59,1,1:54,2:09, I'm on fire  Say you'll remember her voice  And I can't get you out of my mind  I'm on fire  Say you'll remember her voice  And I can't get you out of my mind  
418,59,4,1:54,2:09, I'm on fire  Say you'll remember her voice  And I can't get you out of my mind  I'm on fire  Say you'll remember her voice  And I can't get you out of my mind  
419,59,4,2:12,2:36, Loose lips have fallen on deaf ears  Loose lips have fallen on blind eyes  
420,59,1,2:12,2:36, Loose lips have fallen on deaf ears  Loose lips have fallen on blind eyes  
421,59,1,3:07,3:46, An ocean of sorrow surrounds this home  I hope that we make it to shore  As time chips away at the fortress walls  Its seems that we weathered the storm The sun begins to show itself  Revealing victory  
422,59,1,3:48,4:18, I'm on fire  Say you'll remember her voice  And I can't get you out of my mind  I'm on fire  Say you'll remember her voice  And I can't get you out of my mind  I'm on fire  Say you'll remember her voice  And I can't get you out of my mind  I'm on fire  Say you'll remember her voice  And I can't get you out of my mind  
423,59,2,3:48,4:18, I'm on fire  Say you'll remember her voice  And I can't get you out of my mind  I'm on fire  Say you'll remember her voice  And I can't get you out of my mind  I'm on fire  Say you'll remember her voice  And I can't get you out of my mind  I'm on fire  Say you'll remember her voice  And I can't get you out of my mind  
424,59,4,3:48,4:18, I'm on fire  Say you'll remember her voice  And I can't get you out of my mind  I'm on fire  Say you'll remember her voice  And I can't get you out of my mind  I'm on fire  Say you'll remember her voice  And I can't get you out of my mind  I'm on fire  Say you'll remember her voice  And I can't get you out of my mind  
425,59,1,4:20,4:44, Loose lips have fallen on deaf ears  Loose lips have fallen on blind eyes  
426,59,4,5:35,6:07, I'm on fire  Say you'll remember her voice  And I can't get you out of my mind  I'm on fire  Say you'll remember her voice  And I can't get you out of my mind  I'm on fire  Say you'll remember her voice  And I can't get you out of my mind  I'm on fire  Say you'll remember her voice  And I can't get you out of my mind 
427,59,2,5:35,6:07, I'm on fire  Say you'll remember her voice  And I can't get you out of my mind  I'm on fire  Say you'll remember her voice  And I can't get you out of my mind  I'm on fire  Say you'll remember her voice  And I can't get you out of my mind  I'm on fire  Say you'll remember her voice  And I can't get you out of my mind 
428,59,1,5:35,6:07, I'm on fire  Say you'll remember her voice  And I can't get you out of my mind  I'm on fire  Say you'll remember her voice  And I can't get you out of my mind  I'm on fire  Say you'll remember her voice  And I can't get you out of my mind  I'm on fire  Say you'll remember her voice  And I can't get you out of my mind 
429,61,1,0:20,1:16,"  I don't see the fearsome fright  All I see is beauty shine  Not much time to say goodnight  I can hear you scream in the sky  Nephew do you feel all right  Always up in overdrive  They would try to smother you  Never let your feelings through  Where you go, you wonder if you live out loud Where you go, you wonder if you live out loud  Where you go, you wonder if you live out loud  "
430,61,2,1:18,1:49,  I'm sniffing your garden  I'm sniffing your rose  She's stuck in the middle  You know how it goes  They're crawling across now  They'll give him some blow  We'll do him a favor  We'll give him some gold  
431,61,1,1:54,2:52,"  I remember your eyes came out  I can see you run and shout  Don't know where to place the blame  You knew how to hide your pain  We just want to see you alive  Taught me how to speak my mind  Release you in atmosphere  It was just too small in here  Where you go, you wonder if you live out loud  Where you go, you wonder if you live out loud  Where you go, you wonder if you live out loud  "
432,61,2,3:02,3:28,  Live out loud now  We don't live in silence when we live out loud now  We live on the journey  You go with them  
433,61,16,3:28,4:02,  Hey! Ho!  Let's fucking go  Hey! Ho!  Let's get up and rock n' roll Hey! Ho!  Let's fucking go  Hey! Ho!  Let's get up and rock n' roll Hey! Ho!  Let's fucking go  Hey! Ho!  Let's get up and rock n' roll 
434,58,4,0:47,1:33," I saw the mountain crumble down  I saw colossus in flames  I heard the ocean draining  Nothing that I could ever tame  Off with my head, come down the line  I have the right to decide  I'll bring this light, as is the sky  Altered minds they criticize  "
435,58,4,1:48,2:20," Unrest within your flesh  How can we stop this pollution? Altering trouble, you cannot fix  Envy of others never makes me rich  All my heroes, they're all dead  As I remain here inside my  "
436,58,2,2:21,2:44, We have heard the chimes at midnight  Into the void I go  Will I ever see your face again? Or will black be all I know? 
437,58,4,2:59,4:01," Arriving inside  Our hearts alive  And the darkness here is grim  But it found us, surrounded  Lead me deep into the canyon  You put your guidance in the wrong hands  Feet ungrounded, giving your best  Now take your gold into silence  You take a stand, bracing yourself  For this cold is never ending  "
438,58,2,4:01,4:24, We have heard the chimes at midnight  Into the void I go  Will I ever see your face again? Or will black be all I know? 
439,58,4,4:38,4:52, Arriving inside  Ire hurst a life! 
440,64,4,0:45,1:02, Wide is the line  Separates the rivers from the dirt  All the while I wonder who's the one 
441,64,7,1:04,1:25, Within the one and only eye  Within the one and only eye  Within the one and only eye  Within the one and only eye 
442,64,4,1:26,1:45, Can you see there's a child  Standing idle by us in this mess  Who am I to cause this emptiness 
443,64,7,1:52,2:23, Willing the sea  To cleanse my soul of all I've been  To bring me free to this clarity  Clarity 
444,64,4,2:36,2:54," Trouble rolls in  As the tides, they twist and make the turn  Pain subsides and sweeps across the earth again "
445,64,7,3:01,3:33, Willing the sea  To cleanse my soul of all that I've been  To bring me free to this clarity  Clarity  
446,64,7,3:45,4:06, Within the one and only eye  Within the one and only eye  Within the one and only eye  Within the one and only eye  
447,64,7,4:26,5:06, I'm standing deep in these waters  Bleeding free and bent to drag us onto new visions  Only loss fills my void  Only loss fills my void  Only loss fills my void  
448,64,7,5:53,7:29," Only the void connects me  With these mountains of dust, blood and soil  The stones born in the flames of truth  Demand a sacrifice  A sacrifice  A sacrifice  Don't just bleed us and leave us to ourselves  We will return so deeply harmed, and we will shatter you And we will shatter you And we will shatter you "
449,62,4,0:30,0:55,  You walk with boundless grace  Think old thoughts from yesterday  All being lost in the fire  You wandered and lost the way  Someone's always left behind  When the door of life closes  
450,62,1,0:58,1:23,  And you were slipping away  What do I say to you  What do I say to you  And if I want you to stay  What do I say to you? What do I say to you? 
451,62,4,1:38,2:05,  This moment I take for you  Think of all we didn't do  All seeking answers from this  Hope to come out alive  Standing still my hands are tied  Our eyes open up to the sky  
452,62,1,2:07,2:32,  And you were slipping away  What do I say to you  What do I say to you  And if I want you to stay  What do I say to you? What do I say to you? 
453,62,1,3:45,4:11,  And you were slipping away  What do I say to you  What do I say to you  And if I want you to stay  What do I say to you? What do I say to you? 
454,60,4,0:22,0:40, You call for reasons  It turns me inside out  There's no direction  No ebb and flow  You call them rejects  They're all I have  The mills of life  They will grind you down  
455,60,4,0:41,0:53, See the red  All I know is  See the red  Watch it flowing  
456,60,1,0:41,0:53, See the red  All I know is  See the red  Watch it flowing  
457,60,4,0:54,1:14, I see a vision  Chew it with my teeth  Believe the dying  And minds that read  A change in season  Your mind crawls black  Turning neurotic  A self attack  
458,60,1,1:14,1:28, See the red  All I know is  See the red  Watch it flow  
459,60,4,1:14,1:28, See the red  All I know is  See the red  Watch it flow  
460,60,4,1:49,2:08, The beast is vicious  Turns your pale face green  And keep the search on for mystery  You told a secret  Confide into the trees  Thinking you know a man's history  
461,60,4,2:09,2:22, See the red  All I know is  See the red  Watch it flowing  
462,60,1,2:09,2:22, See the red  All I know is  See the red  Watch it flowing  
463,60,4,3:02,3:20, Fall into pieces  I swear we're done  You stick with me and prevail as one  Fall into pieces  I swear we're done  You stick with me and prevail as one 
464,63,2,0:18,0:40,"  Orange and black take me back to halloween  I've given to the blind can't you see? Gasoline runs through my veins, so don't you mess with me  I couldn't tame that beast with a handful of meat  "
465,63,2,0:59,1:19,"  Just wait 'till that robe falls at my feet  Cold and dilated like my memories  Strange voices in my head, who could they be  It's the master of disguise and he's breaking me  "
466,63,1,1:22,1:44,  You will find spirits never rise  Without warning  Feel your fate as you come alive  They're here to take you home  
467,63,2,1:59,2:20,  Crashing through the walls  You're the one  I want to see  Bent all up on a moon-soaked night  Death is riding with me  Dripping blood with hell froze at my feet  Use a razor blade to cut some lines  Because now I'm going to speed  
468,63,1,2:24,2:45,  You will find spirits never rise  Without warning  Feel your fate as you come alive  They're here to take you 
469,56,4,0:42,1:23,"  You let the wind take us down  You let the storm come and wipe us out  I saw the fog snuff you out  I saw the ocean come take you under  I have my boots stuck in your mouth  I'll have you screaming for your last breath, yeah  I'll shove them both deep inside  Patiently waiting for deep devour  "
470,56,1,1:24,1:42,  You take the high road down  I'll take the ground below you  You take the high road down  I'll take the ground below  
471,56,4,1:54,2:11,"  You are the one who nobody likes  You are the plague that was brought here by rats  I'd like to hunt you, that's fact  Watching you fade out and never go back  "
472,56,1,2:13,2:32,  You take the high road down  I'll take the ground below you  You take the high road down  I'll take the ground below  
473,56,1,3:33,3:50,  You take the high road down  I'll take the ground below you  You take the high road down  I'll take the ground below 
474,57,2,0:12,0:37," I'm a man and that's who I am  And I'll tell you that to your face  I'm from the clouds and I shine like the moon  And I'm here to fuck up the place  Make it last, make it count  One more 'round and I'll see you outside  Heaven knows life can turn on a dime  So lets enjoy our time  "
475,57,4,0:38,0:50," They have got me hanging upside down, again  Once more 'round the sun we go again  "
476,57,2,1:04,1:28, What's the meaning of life that we lead when  We're caught up in the race  My heart is spinning like a merry-go-round  And I want you to take a ride  I know it's rough and I know that you are weary  But its nice once you step inside  Roll me over and turn me around and lets make up on time  
477,57,4,1:30,1:46," They have got me hanging upside down, again  I just want to melt into the sun again  Once more 'round the sun we go again  "
478,57,4,2:21,2:42,  They have got me hanging upside down again  I just want to melt into the sun again  They have got me hanging upside down again  Once more 'round the sun we go again 
479,55,1,0:17,1:09,"  I can see what the world has done to you  I can feel the weight, feel the weight  I can see what this life has handed you  I can feel the weight, feel the weight  This time, this time, things'll work out just fine  We won't let you slip away  This time, this time, things'll work out just fine  We won't let you leave this way  "
480,55,4,1:11,1:23,  If you want you can will it  You can have it  I can put it right there in your hands  
481,55,1,1:36,2:28,"  I can hear what the spirits are telling you  I can clear the weight, clear the weight  I can see all the wolves as they circle you  I can crush the weight, crush the weight  This time, this time, things'll work out just fine  We won't let you slip away  This time, this time, things'll work out just fine  We won't let you leave this way  "
482,55,4,2:30,2:42,  If you want you can will it  You can have it  I can put it right there in your hands  
483,55,1,4:14,4:40,"  This time, this time, things'll work out just fine  We won't let you slip away  This time, this time, things'll work out just fine  We won't let you leave this way  "
484,55,4,4:41,4:54,  If you want you can will it  You can have it  I can put it right there in your hands 
485,54,4,0:51,2:39," Through the ages, all the weary and the blind  Facing the unknown  Off the venom  Center our lives  Knowing not your own is unwise  And  I will return for more  The light will lead you ashore  Paralyzed by  Paralyzed by  Paralyzed by thorn inside  To the angel  Breathing on me from the right  A guilt you'll never know  From the devil  Staring from the left hand side  Souls to animal  Recede your eyes  Sulk in disgust  When there is doubt look to the obvious  And  I'll decide what you will pay  Changing your mind seals our fate  "
486,54,4,2:44,2:55, Paralyzed by  Paralyzed by  Paralyzed by thorn inside  
487,54,4,2:55,3:25, Open your eyes  Take a deep breath and return to life  Wake up and fight  Fight for the love and the burning light  
488,54,1,2:55,3:25, Open your eyes  Take a deep breath and return to life  Wake up and fight  Fight for the love and the burning light  
489,54,4,4:08,4:34, Open your eyes  Take a deep breath and return to life  Wake up and fight  Fight for the love and the burning light 
490,54,1,4:08,4:34, Open your eyes  Take a deep breath and return to life  Wake up and fight  Fight for the love and the burning light 
491,6,5,0:40,0:52, coals under foot burst into flames become the earth's ashes remain awaiting sand a burning man 
492,6,5,0:57,1:10, approach the door where i place blame take the first step cleansing my shame awaiting sand a burning man 
493,6,5,1:47,2:00, coals under foot burst into flames become the earth's ashes remain awaiting sand a burning man 
494,6,5,2:05,2:17, approach the door where i place blame take the first step cleansing my shame awaiting sand a burning man 
495,1,5,0:34,0:46, lesson the honoring instinct of animal pressure no blame on the red bull throw fury at him 
496,1,5,0:52,1:15, aim gorge and win less contenders on the way today let them pay nothing lost nothing gained listen 
497,1,5,1:36,1:48, here lies the warning for matador blackout blood running the dirt floor won't bleed by accident 
498,1,5,1:52,1:15, burn your game plan 
499,2,5,0:50,1:10, as passion encircles the daily storm the heart bleeds and droughts do not 
500,2,5,1:16,2:28, bone grave bone engraved stone grave stone engraved bone grave bone engraved stone grave stone engraved all circles created with intention an ocean turns yellow it soothes the eye bone grave bone engraved stone grave stone engraved bone grave bone engraved stone grave stone engraved 
501,10,5,1:52,2:25, change stand grow these things you'll never be taste your fate all that you'll ever be a life love unconditional a life love love unconditional 
502,10,5,3:12,4:46, chase chase 'em down string 'em up hate hate the ones who bring you down chase chase 'em down string 'em up hate hate the ones who bring you down chase chase 'em down string 'em up hate hate the ones who bring you down 
503,5,5,2:43,3:29, sanction lived in taught by masters flight of giving be mine always here for duration miss my sweet love times of sailing keep me grounded make us sure of future sanctions 
504,5,5,4:16,4:55, sanction lived in taught by masters flight of giving be mine always here for duration miss my sweet love times of sailing keep me grounded make us sure of future sanctions 
505,7,5,2:43,3:19, life's changed yet remain the same basking in an afterglow i did not know i am here in shadows island lying hopeless wondering all questions exhaust me 
506,7,5,3:54,4:30, life's changed yet remain the same basking in an afterglow i did not know i am here in shadows island lying hopeless wondering all questions exhaust me 
507,7,5,4:45,5:28, running screaming chanting for all this land i've seen its worth helping all for times sake it brings me work pinned to this world running screaming chanting for all this land i've seen its worth helping all for times sake it brings me work pinned to this world 
508,8,5,0:25,0:50, birth original plan who will issue days and strike them hurry to mystic plains go 
509,8,5,0:57,1:05, life's blood life's blood life's blood my life's blood 
510,8,5,1:15,1:25, life's blood life's blood life's blood life's blood 
511,8,5,1:49,1:58, life's blood life's blood life's blood life's blood 
512,8,5,2:31,2:42, hurdle in the path struck down all is clear for play 
513,9,5,0:49,1:28, if you can't get it i can't get it fly soul is single wind beneath us i can't take it if you can't take it fly soul is single wind beneath us 
514,9,5,2:32,3:10, if you can't get it i can't get it fly soul is single wind beneath us i can't take it if you can't take it fly soul is single wind beneath us 
515,9,5,4:12,4:44, shades of sixteen you're with me shades of sixteen remember shades of sixteen you're with me shades of sixteen remember 
516,3,5,0:42,0:57, condition tomorrow with visions inlaid the priest stands to our right a princess is mine 
517,3,5,1:10,1:23, the regress of some minds further chase the prize pretentious you follow religion is mine 
518,3,5,1:58,2:30, anger precedes my footsteps haunting past comes into head horizon seems so far away this life close to end of days kill and i will be damned forgive and i will be free 
519,3,5,2:51,2:55, unified eyesight grow 
520,4,5,0:44,1:03, slaved into brittle and worked for days only thing that paves your stay look behind you see what you've made like a workhorse stands for miles work for you and never get tired roll 'em up it's time to go we'll be back before it's too long 
521,4,5,1:22,1:43, shaved into rhythm work for days consequences we have paid to be free in a world we've made like a workhorse stands for miles work for you and never get tired roll 'em up it's time to go we can bet on all that's lost before it's too long 
522,4,5,1:58,2:00, burning hell 
523,46,4,0:15,0:40, Lift you up again  Give you to the trees  All sound and visions are  What they ask of me  Let's run fast through the fields  Over mountaintops  Let's swim through ocean water  And we'll never stop  
524,46,4,0:44,1:05, Just close your eyes  And pretend that everything's fine  Just close your eyes  I'll tell you when  
525,46,4,1:06,1:32," Can you show me  Where to find the stream? I've been told before  That the water's clean  Will you come with me? Two of us can drink  Move quick, we've got to hurry  There's no time to think  "
526,46,4,1:34,1:56, Just close your eyes  And pretend that everything's fine  Just close your eyes  I'll tell you when  
527,46,4,2:51,3:14, We didn't come this far  Just to turn around  We didn't come this far  Just to run away  Just ahead  We will hear the sound  The sound that gives us  A brand new day  
528,46,4,3:20,3:44, Just close your eyes  And pretend that everything's fine  Just close your eyes  I'll tell you when 
529,52,4,0:17,0:53, Give and take  We are full of pride  All is proved in time  Lay me down  Stand my ground  Lay me down  Stand my ground  
530,52,4,0:57,1:03, Taking a life I see it flash before my eyes  
531,52,4,1:22,1:29, Taking a life I see it flash before my eyes  
532,52,4,1:48,2:33, Rule by the head  Endure the test of time  Plant the seed of mind  Lay me down  Stand my ground  Lay me down  Stand my ground  Taking a life I see it flash before my eyes  
533,52,4,2:51,2:58, Taking a life I see it flash before my eyes 
534,41,4,0:30,0:49, I burned out my eyes  I cut off my tongue  I sealed them with all of the silver  And now  I have none  
535,41,4,0:43,1:09, You killed the life  You took the diamond  You killed the vine  Death of the  
536,41,4,1:10,1:27, You own the darkness  Have taken my sight  You buried the stars underground  You've stolen the night  
537,41,4,1:32,1:46, You can run to the sea  You can run to the forest  You can hide  But you'll never escape  
538,41,4,1:56,1:59, You've run out of lies  
539,41,4,2:05,2:08, You've run out of time  
540,41,4,3:01,3:18, You killed the life  You took the diamond  You killed the vine  Death of the sun 
541,43,4,0:16,0:35," Change your hair, change your clothes  I'll rearrange your face for you  If you can breathe when  I am through  I'll give it all right back to you  "
542,43,2,0:48,1:05, I want to drink some fucking blood  I want to break some fucking glass  I want to squeeze you till you're inside out  I want it all  
543,43,4,1:06,1:26," Change your name, change your eyes  Become the one who  I despise  If you are sad and need to cry  Then turn around and go outside  "
544,43,2,1:39,1:55, I want to drink some fucking blood  I want to break some fucking glass  I want to squeeze you till you're inside out  I want it all 
545,50,1,2:00,2:20, I saw the creature fall  Into the swamp from which he spawned  I heard them laugh and say  They never liked him anyway  
546,50,1,2:55,3:15, I tried to talk to them  To help you on your feet again  They laughed and said to me  The swamp is right where I should be  
547,50,1,3:36,4:14, The creature lives  The creature lives  The creature lives  The creature lives 
548,42,1,0:19,0:35," I killed a man cause he killed my goat  I put my hands around his throat  He tried to reason with the sky and the clouds  But it didn't matter, cause they can't hear a sound  "
549,42,4,0:45,1:00, It's just the curl of the burl  It's just the curl of the burl  That's just the way of the world  It's just the curl of the burl  
550,42,1,1:10,1:26," Splinters in my skin just like needles and pins  I cut through the pine, love the feeling it gives  Been out here for days running through these streets  I'm using my hands, cutting through the disease  "
551,42,4,1:37,1:52, It's just the curl of the burl  It's just the curl of the burl  That's just the way of the world  It's just the curl of the burl  
552,42,4,1:53,2:17," I feed the powerless  Chew it up, spit the rest  I feed the powerless  Chew it up, spit the rest  "
553,42,4,2:24,2:39, It's just the curl of the burl  It's just the curl of the burl  That's just the way of the world  It's just the curl of the burl  
554,48,1,0:38,1:05,"  Head down, running from the beast  Breakneck speed taking all my breath  Black feet scrapped and scarred and dripping blood  Rain come down, take me with your flood  "
555,48,4,1:05,1:15,  I came to and I was running from you  Feel your breath on the back of my neck  
556,48,1,1:15,1:28,  Where have I come to be? Is this all that's left for me? 
557,48,1,1:34,2:11,"  I wish that I was still there  I want to keep on breathing  Bulls roar loud, snakes move past my feet  No teeth, no hands, set me free  Bones start rattling 'round inside my head  I don't know if I'm alive or dead  "
558,48,4,2:14,2:20,  I came to and I was running from you  Feel your breath on the back of my neck  
559,48,1,2:20,2:34,  Where have I come to be? Is this all that's left for me? 
560,48,1,2:41,2:50,  I wish that I was still there  I want to keep on breathing  
561,48,1,3:19,3:37,"  Dig deep, kicking up rock and dirt and sand  Out of this lifeless valley, bones in hand  Over these mountains to the seas of life  Leave this desert for the sick and damned "
562,45,1,0:15,0:35, To tempt the fool into the mine  Let loose the snake with antidote  
563,45,4,0:35,0:49, Take the hand  Guide the way  Far away  Find the truth  Always  Always  
564,45,4,0:56,1:06, I'm on my way back home  I'm on my way back home  
565,45,1,1:17,1:38, I see your face inside the smoke  It's hard to scream and nice to choke 
566,45,4,1:38,1:53, Take the hand  Guide the way  Far away  Find the truth  Always  Always  
567,45,4,1:58,2:07, I'm on my way back home  I'm on my way back home  
568,45,1,2:21,2:42," Let's rest awhile inside the cave  Don't cry, you'll see that we'll be safe  "
569,45,4,2:42,3:09, Take the hand  Guide the way  Far away  Find the truth  Always  Always Take your heart into your hand  Always  Take your heart into your hand  Always 
570,45,4,3:14,3:25, I'm on my way back home  I'm on my way back home 
571,51,4,0:06,0:38,  We trip the light  Firebird flies  Burn your inside  Given a lesson  The path I've shown  Follow all I know  Into the spectrelight  Into the afterlife  
572,51,4,0:42,1:15,  It came from the ocean  Gift from the sea  Lava forms the stone  Belief in power  Believe the dream  Trust your own truth  Into the spectrelight  Into the afterlife  
573,51,7,1:26,1:48,  You listen through the light  Tolling on the sea  Barren eyes behind you  Leave the shadows waking dreams  
574,51,7,2:00,2:22," Rising through the door  Writing with a knife  Cut speech, cut light  Cut chord and break the dawning wretch of silence  "
575,51,4,2:32,2:57,  Trust your own truth  Souls of the fallen  Death of the Godhead  Listen and breathe  Into the spectrelight  Into the afterlife  
576,44,2,1:09,1:33, The temple of bodies  A building with souls  Given the cosmos  As we let go  As we let go  Locked in a dance  Surrounding the moon  This far from the clouds  Stargasm flows  Stargasm  
577,44,2,1:42,2:02, Lead us by horses  On the way to our graves  Father the owl  It is your faith  It is your faith Awake in the moment  Awaken the heart  Look to the spirits  Stargasm glows  Stargasm  
578,44,1,2:25,3:01, And then we shift into overdrive  But you're not here  And your legs and the stars collide  You're on fire  You're on fire  You're on fire  You're on fire 
579,44,2,3:02,3:24, Henged from the solstice  Bohemian grove  Flesh lies the altar  As we let go  As we let go  Glasses are empty  The owl has flown  Sever relation  Like you didn't know  Like you didn't know  
580,44,1,3:45,4:22, And then we shift into overdrive  But you're not here  And your legs and the stars collide  You're on fire  You're on fire  You're on fire  You're on fire  
581,47,2,0:39,1:11, All the love  I've shown  And given to the ones  I've known  All the love  I make  Is equal to the love  I take  All the life  I've known  And given to the life  I've shown  Along the way  
582,47,4,1:11,1:42," Free from it all  Breathe in the darkest fall  We laugh and cry through a brother's eyes for now  Through fire embers' glow  Haunted,  I lift the stone  Letting go, your spirit flies  "
583,47,2,1:42,2:14,  All the love  I've shown  Given to the ones  I've known  All the love  I make  Is equal to the love  I take  Life is brief as  Be careful for what you ask  Along the way  
584,47,4,2:14,3:16," Free from it all  Breathe in the darkest fall  We laugh and cry through a brother's eyes for now  Through fire embers' glow  Haunted,  I lift the stone  Letting go, your spirit flies  His thorns are on the road  His thorns are on the road  In the morning light  The sparrow flies  When the moon devours us  The planet dies  "
585,47,4,4:00,4:30," Free from it all  Breathe in the darkest fall  We laugh and cry through a brother's eyes for now  Through fire embers' glow  Haunted,  I lift the stone  Letting go, your spirit flies "
586,53,1,1:10,1:16, Pursue happiness with diligence 
587,53,1,1:46,1:53, Pursue happiness with diligence 
588,53,1,4:11,4:15, Pursue happiness with diligence 
589,53,1,4:30,4:37, Pursue happiness with diligence 
590,49,2,1:36,1:52,  With the lights down low  Wrapped up like a baby  And your hair hangs long  Surrounding my face  
591,49,4,1:53,2:10,  Straight out of nowhere  Buried deep inside my past  Straight out of nowhere  Hoping you'll be the last  
592,49,2,2:21,2:39,"  Love your warm embrace  Hold me close, don't let me go  Nipple pink and cold  Filled up with mother's milk  "
593,49,4,2:39,2:55,  Straight out of nowhere  Buried deep inside my past  Straight out of nowhere  Hoping you'll be the last  
594,49,2,3:25,3:41,  With the lights down low  Wrapped up like a baby  And your hair hangs long  Surrounding my face  
595,49,4,3:41,3:59,  Straight out of nowhere  Buried deep inside my past  Straight out of nowhere  Hoping you'll be the last 